﻿<?xml version="1.0" encoding="utf-8"?>
<ArrayOfVendor xmlns:xsd="http://www.w3.org/2001/XMLSchema" xmlns:xsi="http://www.w3.org/2001/XMLSchema-instance" xmlns="http://x360ce.com/">
	<Vendor VendorId="1003" VendorName="Atmel Corporation" ShortName="" WebSite="" />
	<Vendor VendorId="1006" VendorName="Mitsumi" ShortName="" WebSite="" />
	<Vendor VendorId="1008" VendorName="Hewlett Packard" ShortName="" WebSite="" />
	<Vendor VendorId="1012" VendorName="Diebold, Inc." ShortName="" WebSite="" />
	<Vendor VendorId="1020" VendorName="Elitegroup Computer Systems" ShortName="" WebSite="" />
	<Vendor VendorId="1027" VendorName="Future Technology Devices International Limited" ShortName="" WebSite="" />
	<Vendor VendorId="1032" VendorName="Quanta Computer Inc." ShortName="" WebSite="" />
	<Vendor VendorId="1033" VendorName="NEC Corporation" ShortName="" WebSite="" />
	<Vendor VendorId="1034" VendorName="Eastman Kodak Company" ShortName="" WebSite="" />
	<Vendor VendorId="1035" VendorName="Weltrend Semiconductor" ShortName="" WebSite="" />
	<Vendor VendorId="1037" VendorName="VIA Technologies, Inc." ShortName="" WebSite="" />
	<Vendor VendorId="1038" VendorName="MCCI Corporation" ShortName="" WebSite="" />
	<Vendor VendorId="1041" VendorName="BUFFALO INC." ShortName="" WebSite="" />
	<Vendor VendorId="1044" VendorName="Giga-Byte Technology Co., Ltd." ShortName="" WebSite="" />
	<Vendor VendorId="1046" VendorName="Nuvoton Technology Corp." ShortName="" WebSite="" />
	<Vendor VendorId="1054" VendorName="Creative Labs" ShortName="" WebSite="" />
	<Vendor VendorId="1057" VendorName="Nokia Corporation" ShortName="" WebSite="" />
	<Vendor VendorId="1060" VendorName="SMSC" ShortName="" WebSite="" />
	<Vendor VendorId="1071" VendorName="Molex Inc." ShortName="" WebSite="" />
	<Vendor VendorId="1072" VendorName="Fujitsu Component Limited" ShortName="" WebSite="" />
	<Vendor VendorId="1080" VendorName="Advanced Micro Devices" ShortName="" WebSite="" />
	<Vendor VendorId="1085" VendorName="Lexmark International Inc." ShortName="" WebSite="" />
	<Vendor VendorId="1088" VendorName="EIZO NANAO CORPORATION" ShortName="" WebSite="" />
	<Vendor VendorId="1102" VendorName="Alps Electric Co., Ltd." ShortName="" WebSite="" />
	<Vendor VendorId="1105" VendorName="Texas Instruments" ShortName="" WebSite="" />
	<Vendor VendorId="1111" VendorName="Silicon Integrated Systems Corp." ShortName="" WebSite="" />
	<Vendor VendorId="1112" VendorName="KYE Systems Corp." ShortName="" WebSite="" />
	<Vendor VendorId="1115" VendorName="Renesas Electronics Corp." ShortName="" WebSite="" />
	<Vendor VendorId="1118" VendorName="Microsoft Corporation" ShortName="" WebSite="" />
	<Vendor VendorId="1121" VendorName="Primax Electronics" ShortName="" WebSite="" />
	<Vendor VendorId="1123" VendorName="EATON" ShortName="" WebSite="" />
	<Vendor VendorId="1128" VendorName="Wieson Technologies Co., Ltd." ShortName="" WebSite="" />
	<Vendor VendorId="1131" VendorName="American Megatrends" ShortName="" WebSite="" />
	<Vendor VendorId="1133" VendorName="Logitech Inc." ShortName="" WebSite="" />
	<Vendor VendorId="1140" VendorName="Sanyo Electric Co. Ltd." ShortName="" WebSite="" />
	<Vendor VendorId="1150" VendorName="LSI Corporation" ShortName="" WebSite="" />
	<Vendor VendorId="1151" VendorName="Plantronics, Inc." ShortName="" WebSite="" />
	<Vendor VendorId="1152" VendorName="Toshiba America Info. Systems, Inc." ShortName="" WebSite="" />
	<Vendor VendorId="1154" VendorName="Kyocera Corporation" ShortName="" WebSite="" />
	<Vendor VendorId="1155" VendorName="STMicroelectronics" ShortName="" WebSite="" />
	<Vendor VendorId="1161" VendorName="Foxconn / Hon Hai" ShortName="" WebSite="" />
	<Vendor VendorId="1165" VendorName="ITE Tech Inc." ShortName="" WebSite="" />
	<Vendor VendorId="1177" VendorName="Yamaha Corporation" ShortName="" WebSite="" />
	<Vendor VendorId="1188" VendorName="Hitachi, Ltd." ShortName="" WebSite="" />
	<Vendor VendorId="1191" VendorName="Visioneer" ShortName="" WebSite="" />
	<Vendor VendorId="1193" VendorName="Canon Inc." ShortName="" WebSite="" />
	<Vendor VendorId="1200" VendorName="Nikon Corporation" ShortName="" WebSite="" />
	<Vendor VendorId="1201" VendorName="Pan International" ShortName="" WebSite="" />
	<Vendor VendorId="1204" VendorName="Cypress Semiconductor" ShortName="" WebSite="" />
	<Vendor VendorId="1205" VendorName="ROHM Co., Ltd." ShortName="" WebSite="" />
	<Vendor VendorId="1207" VendorName="Compal Electronics, Inc." ShortName="" WebSite="" />
	<Vendor VendorId="1208" VendorName="Seiko Epson Corp." ShortName="" WebSite="" />
	<Vendor VendorId="1211" VendorName="I-O Data Device, Inc." ShortName="" WebSite="" />
	<Vendor VendorId="1221" VendorName="Fujitsu Ltd." ShortName="" WebSite="" />
	<Vendor VendorId="1226" VendorName="Lite-On Technology Corp." ShortName="" WebSite="" />
	<Vendor VendorId="1227" VendorName="FUJIFILM Corporation" ShortName="" WebSite="" />
	<Vendor VendorId="1228" VendorName="ST-Ericsson" ShortName="" WebSite="" />
	<Vendor VendorId="1240" VendorName="Microchip Technology Inc." ShortName="" WebSite="" />
	<Vendor VendorId="1241" VendorName="Holtek Semiconductor, Inc." ShortName="" WebSite="" />
	<Vendor VendorId="1242" VendorName="Panasonic Corporation" ShortName="" WebSite="" />
	<Vendor VendorId="1245" VendorName="Sharp Corporation" ShortName="" WebSite="" />
	<Vendor VendorId="1250" VendorName="Exar Corporation" ShortName="" WebSite="" />
	<Vendor VendorId="1254" VendorName="SCM Microsystems" ShortName="" WebSite="" />
	<Vendor VendorId="1256" VendorName="Samsung Electronics Co., Ltd." ShortName="" WebSite="" />
	<Vendor VendorId="1259" VendorName="Northstar Systems Corp." ShortName="" WebSite="" />
	<Vendor VendorId="1260" VendorName="Tokyo Electron Device Limited" ShortName="" WebSite="" />
	<Vendor VendorId="1266" VendorName="Chicony Electronics Co., Ltd." ShortName="" WebSite="" />
	<Vendor VendorId="1271" VendorName="Newnex Technology Corp." ShortName="" WebSite="" />
	<Vendor VendorId="1273" VendorName="Brother Industries, Ltd." ShortName="" WebSite="" />
	<Vendor VendorId="1276" VendorName="SUNPLUS TECHNOLOGY CO., LTD." ShortName="" WebSite="" />
	<Vendor VendorId="1278" VendorName="PFU Limited" ShortName="" WebSite="" />
	<Vendor VendorId="1287" VendorName="Hosiden Corporation" ShortName="" WebSite="" />
	<Vendor VendorId="1293" VendorName="Belkin Corporation" ShortName="" WebSite="" />
	<Vendor VendorId="1300" VendorName="FCI Electronics" ShortName="" WebSite="" />
	<Vendor VendorId="1302" VendorName="Longwell Electronics/Longwell Company" ShortName="" WebSite="" />
	<Vendor VendorId="1305" VendorName="Star Micronics Co., LTD" ShortName="" WebSite="" />
	<Vendor VendorId="1309" VendorName="American Power Conversion" ShortName="" WebSite="" />
	<Vendor VendorId="1312" VendorName="Taiwan Semiconductor Manufacturing Co." ShortName="" WebSite="" />
	<Vendor VendorId="1314" VendorName="ACON, Advanced-Connectek, Inc." ShortName="" WebSite="" />
	<Vendor VendorId="1317" VendorName="PLX Technology, Inc." ShortName="" WebSite="" />
	<Vendor VendorId="1321" VendorName="Aladdin Knowledge Systems" ShortName="" WebSite="" />
	<Vendor VendorId="1329" VendorName="Wacom Technology Corp." ShortName="" WebSite="" />
	<Vendor VendorId="1343" VendorName="Synopsys, Inc." ShortName="" WebSite="" />
	<Vendor VendorId="1356" VendorName="Sony Corporation" ShortName="" WebSite="" />
	<Vendor VendorId="1360" VendorName="Fuji Xerox Co., Ltd." ShortName="" WebSite="" />
	<Vendor VendorId="1367" VendorName="ATEN International Co. Ltd." ShortName="" WebSite="" />
	<Vendor VendorId="1369" VendorName="Cadence Design Systems, Inc." ShortName="" WebSite="" />
	<Vendor VendorId="1386" VendorName="WACOM Co., Ltd." ShortName="" WebSite="" />
	<Vendor VendorId="1390" VendorName="Elecom Co., Ltd." ShortName="" WebSite="" />
	<Vendor VendorId="1394" VendorName="Conexant Systems, Inc." ShortName="" WebSite="" />
	<Vendor VendorId="1395" VendorName="Zoran Corporation" ShortName="" WebSite="" />
	<Vendor VendorId="1398" VendorName="BAFO/Quality Computer Accessories" ShortName="" WebSite="" />
	<Vendor VendorId="1403" VendorName="Y-E Data, Inc." ShortName="" WebSite="" />
	<Vendor VendorId="1404" VendorName="AVM GmbH" ShortName="" WebSite="" />
	<Vendor VendorId="1410" VendorName="Roland Corporation" ShortName="" WebSite="" />
	<Vendor VendorId="1412" VendorName="RATOC Systems, Inc." ShortName="" WebSite="" />
	<Vendor VendorId="1423" VendorName="Alcor Micro, Corp." ShortName="" WebSite="" />
	<Vendor VendorId="1424" VendorName="OMRON Corporation" ShortName="" WebSite="" />
	<Vendor VendorId="1435" VendorName="Iomega Corporation" ShortName="" WebSite="" />
	<Vendor VendorId="1439" VendorName="LaCie" ShortName="" WebSite="" />
	<Vendor VendorId="1446" VendorName="Cisco Systems, Inc." ShortName="" WebSite="" />
	<Vendor VendorId="1449" VendorName="OmniVision Technologies, Inc." ShortName="" WebSite="" />
	<Vendor VendorId="1452" VendorName="Apple" ShortName="" WebSite="" />
	<Vendor VendorId="1453" VendorName="Y.C. Cable U.S.A., Inc" ShortName="" WebSite="" />
	<Vendor VendorId="1470" VendorName="Tyco Electronics" ShortName="" WebSite="" />
	<Vendor VendorId="1473" VendorName="Kawasaki Microelectronics, Inc." ShortName="" WebSite="" />
	<Vendor VendorId="1478" VendorName="Qualcomm, Inc" ShortName="" WebSite="" />
	<Vendor VendorId="1480" VendorName="Foxlink/Cheng Uei Precision Industry Co., Ltd." ShortName="" WebSite="" />
	<Vendor VendorId="1482" VendorName="Ricoh Company Ltd." ShortName="" WebSite="" />
	<Vendor VendorId="1498" VendorName="Microtek International Inc." ShortName="" WebSite="" />
	<Vendor VendorId="1500" VendorName="Lexar Media, Inc." ShortName="" WebSite="" />
	<Vendor VendorId="1504" VendorName="Symbol Technologies" ShortName="" WebSite="" />
	<Vendor VendorId="1507" VendorName="Genesys Logic, Inc." ShortName="" WebSite="" />
	<Vendor VendorId="1509" VendorName="Fuji Electric Co., Ltd." ShortName="" WebSite="" />
	<Vendor VendorId="1525" VendorName="Unixtar Technology Inc." ShortName="" WebSite="" />
	<Vendor VendorId="1529" VendorName="Datalogic Scanning, Inc." ShortName="" WebSite="" />
	<Vendor VendorId="1535" VendorName="LeCroy Corporation" ShortName="" WebSite="" />
	<Vendor VendorId="1539" VendorName="Novatek Microelectronics Corp." ShortName="" WebSite="" />
	<Vendor VendorId="1545" VendorName="SMK Manufacturing Inc." ShortName="" WebSite="" />
	<Vendor VendorId="1551" VendorName="Joinsoon Electronics Mfg. Co., Ltd." ShortName="" WebSite="" />
	<Vendor VendorId="1553" VendorName="Totoku Electric Co., LTD." ShortName="" WebSite="" />
	<Vendor VendorId="1555" VendorName="TransAct Technologies Incorporated" ShortName="" WebSite="" />
	<Vendor VendorId="1561" VendorName="Seiko Instruments Inc." ShortName="" WebSite="" />
	<Vendor VendorId="1571" VendorName="Littelfuse, Inc." ShortName="" WebSite="" />
	<Vendor VendorId="1582" VendorName="MAIN SUPER ENTERPRISES CO.,LTD." ShortName="" WebSite="" />
	<Vendor VendorId="1592" VendorName="Avision, Inc." ShortName="" WebSite="" />
	<Vendor VendorId="1593" VendorName="Chrontel, Inc." ShortName="" WebSite="" />
	<Vendor VendorId="1611" VendorName="Analog Devices, Inc. Development Tools" ShortName="" WebSite="" />
	<Vendor VendorId="1612" VendorName="Ji-Haw Industrial Co., Ltd" ShortName="" WebSite="" />
	<Vendor VendorId="1614" VendorName="Suyin Corporation" ShortName="" WebSite="" />
	<Vendor VendorId="1615" VendorName="WIBU-Systems AG" ShortName="" WebSite="" />
	<Vendor VendorId="1621" VendorName="Space Shuttle Hi-Tech Co.,Ltd." ShortName="" WebSite="" />
	<Vendor VendorId="1622" VendorName="Glory Mark Electronic Ltd." ShortName="" WebSite="" />
	<Vendor VendorId="1623" VendorName="Tekcon Electronics Corp." ShortName="" WebSite="" />
	<Vendor VendorId="1624" VendorName="Sigma Designs, Inc." ShortName="" WebSite="" />
	<Vendor VendorId="1631" VendorName="Good Way Technology Co., Ltd. &amp; GWC technology Inc" ShortName="" WebSite="" />
	<Vendor VendorId="1632" VendorName="TSAY-E (BVI) International Inc." ShortName="" WebSite="" />
	<Vendor VendorId="1633" VendorName="Hamamatsu Photonics K.K." ShortName="" WebSite="" />
	<Vendor VendorId="1642" VendorName="Total Technologies, Ltd." ShortName="" WebSite="" />
	<Vendor VendorId="1656" VendorName="ACARD Technology Corp." ShortName="" WebSite="" />
	<Vendor VendorId="1659" VendorName="Prolific Technology, Inc." ShortName="" WebSite="" />
	<Vendor VendorId="1680" VendorName="Golden Bridge Electech Inc." ShortName="" WebSite="" />
	<Vendor VendorId="1683" VendorName="Hagiwara Solutions Co., Ltd." ShortName="" WebSite="" />
	<Vendor VendorId="1689" VendorName="Tektronix, Inc." ShortName="" WebSite="" />
	<Vendor VendorId="1699" VendorName="MadCatz Europe Ltd." ShortName="" WebSite="" />
	<Vendor VendorId="1700" VendorName="Xiamen Doowell Electron Co., Ltd." ShortName="" WebSite="" />
	<Vendor VendorId="1709" VendorName="Greatland Electronics Taiwan Ltd." ShortName="" WebSite="" />
	<Vendor VendorId="1710" VendorName="Testronic Labs" ShortName="" WebSite="" />
	<Vendor VendorId="1720" VendorName="Pixela Corporation" ShortName="" WebSite="" />
	<Vendor VendorId="1724" VendorName="Oki Data Corporation" ShortName="" WebSite="" />
	<Vendor VendorId="1727" VendorName="Leoco Corporation" ShortName="" WebSite="" />
	<Vendor VendorId="1732" VendorName="Bizlink Technology, Inc." ShortName="" WebSite="" />
	<Vendor VendorId="1736" VendorName="SIIG, Inc." ShortName="" WebSite="" />
	<Vendor VendorId="1747" VendorName="Mitsubishi Electric Corporation" ShortName="" WebSite="" />
	<Vendor VendorId="1758" VendorName="Heisei Electronics Co. Ltd." ShortName="" WebSite="" />
	<Vendor VendorId="1802" VendorName="Oki Electric Industry Co., Ltd." ShortName="" WebSite="" />
	<Vendor VendorId="1806" VendorName="Excel Cell Electronic Co., Ltd." ShortName="" WebSite="" />
	<Vendor VendorId="1809" VendorName="Magic Control Technology Corp." ShortName="" WebSite="" />
	<Vendor VendorId="1816" VendorName="Imation Corp." ShortName="" WebSite="" />
	<Vendor VendorId="1838" VendorName="Sunix Co., Ltd." ShortName="" WebSite="" />
	<Vendor VendorId="1846" VendorName="Lorom Industrial Co., Ltd." ShortName="" WebSite="" />
	<Vendor VendorId="1892" VendorName="Cyber Power Systems, Inc." ShortName="" WebSite="" />
	<Vendor VendorId="1894" VendorName="Jess-Link Products Co., Ltd. (JPC)" ShortName="" WebSite="" />
	<Vendor VendorId="1899" VendorName="HID Global GmbH" ShortName="" WebSite="" />
	<Vendor VendorId="1911" VendorName="Comda Advanced Technology Corporation" ShortName="" WebSite="" />
	<Vendor VendorId="1913" VendorName="Fairchild Semiconductor" ShortName="" WebSite="" />
	<Vendor VendorId="1921" VendorName="SanDisk Corporation" ShortName="" WebSite="" />
	<Vendor VendorId="1937" VendorName="Copartner Technology Corporation" ShortName="" WebSite="" />
	<Vendor VendorId="1954" VendorName="National Technical Systems" ShortName="" WebSite="" />
	<Vendor VendorId="1971" VendorName="Plustek, Inc." ShortName="" WebSite="" />
	<Vendor VendorId="1972" VendorName="OLYMPUS CORPORATION" ShortName="" WebSite="" />
	<Vendor VendorId="1975" VendorName="TIME Interconnect Ltd." ShortName="" WebSite="" />
	<Vendor VendorId="1994" VendorName="AVerMedia Technologies, Inc." ShortName="" WebSite="" />
	<Vendor VendorId="1996" VendorName="Carry Technology Co., Ltd." ShortName="" WebSite="" />
	<Vendor VendorId="1999" VendorName="Casio Computer Co., Ltd." ShortName="" WebSite="" />
	<Vendor VendorId="2010" VendorName="Arasan Chip Systems Inc." ShortName="" WebSite="" />
	<Vendor VendorId="2038" VendorName="Circuit Assembly Corp." ShortName="" WebSite="" />
	<Vendor VendorId="2039" VendorName="Century Corporation" ShortName="" WebSite="" />
	<Vendor VendorId="2041" VendorName="Dotop Technology, Inc." ShortName="" WebSite="" />
	<Vendor VendorId="2058" VendorName="Evermuch Technology Co., Ltd." ShortName="" WebSite="" />
	<Vendor VendorId="2101" VendorName="Action Star Enterprise Co., Ltd." ShortName="" WebSite="" />
	<Vendor VendorId="2112" VendorName="Argosy Research Inc." ShortName="" WebSite="" />
	<Vendor VendorId="2159" VendorName="MEC IMEX INC/HPT" ShortName="" WebSite="" />
	<Vendor VendorId="2164" VendorName="A-Tec Subsystem, Inc." ShortName="" WebSite="" />
	<Vendor VendorId="2183" VendorName="Hannstar Electronics Corp." ShortName="" WebSite="" />
	<Vendor VendorId="2199" VendorName="Lauterbach GmbH" ShortName="" WebSite="" />
	<Vendor VendorId="2205" VendorName="Icron Technologies Corporation" ShortName="" WebSite="" />
	<Vendor VendorId="2233" VendorName="RadioShack Corporation" ShortName="" WebSite="" />
	<Vendor VendorId="2247" VendorName="TAI TWUN ENTERPRISE CO., LTD." ShortName="" WebSite="" />
	<Vendor VendorId="2276" VendorName="Pioneer Corporation" ShortName="" WebSite="" />
	<Vendor VendorId="2278" VendorName="Gemalto SA" ShortName="" WebSite="" />
	<Vendor VendorId="2303" VendorName="AuthenTec, Inc." ShortName="" WebSite="" />
	<Vendor VendorId="2310" VendorName="FARADAY Technology Corp." ShortName="" WebSite="" />
	<Vendor VendorId="2313" VendorName="Audio-Technica Corp." ShortName="" WebSite="" />
	<Vendor VendorId="2316" VendorName="Silicon Motion, Inc. - Taiwan" ShortName="" WebSite="" />
	<Vendor VendorId="2334" VendorName="Garmin International" ShortName="" WebSite="" />
	<Vendor VendorId="2338" VendorName="Dymo Corporation" ShortName="" WebSite="" />
	<Vendor VendorId="2352" VendorName="Toshiba Corporation" ShortName="" WebSite="" />
	<Vendor VendorId="2362" VendorName="Pixart Imaging, Inc." ShortName="" WebSite="" />
	<Vendor VendorId="2363" VendorName="Plextor LLC" ShortName="" WebSite="" />
	<Vendor VendorId="2366" VendorName="J.S.T. Mfg. Co., Ltd." ShortName="" WebSite="" />
	<Vendor VendorId="2385" VendorName="Kingston Technology Company" ShortName="" WebSite="" />
	<Vendor VendorId="2389" VendorName="NVIDIA" ShortName="" WebSite="" />
	<Vendor VendorId="2391" VendorName="Agilent Technologies, Inc." ShortName="" WebSite="" />
	<Vendor VendorId="2395" VendorName="Medialogic Corporation" ShortName="" WebSite="" />
	<Vendor VendorId="2397" VendorName="Polycom, Inc." ShortName="" WebSite="" />
	<Vendor VendorId="2468" VendorName="Contech Research, Inc." ShortName="" WebSite="" />
	<Vendor VendorId="2472" VendorName="Lin Shiung Enterprise Co., Ltd." ShortName="" WebSite="" />
	<Vendor VendorId="2475" VendorName="Japan Cash Machine Co., Ltd." ShortName="" WebSite="" />
	<Vendor VendorId="2498" VendorName="NISCA Corporation" ShortName="" WebSite="" />
	<Vendor VendorId="2508" VendorName="Workbit Corporation" ShortName="" WebSite="" />
	<Vendor VendorId="2511" VendorName="Electronics Testing Center, Taiwan" ShortName="" WebSite="" />
	<Vendor VendorId="2521" VendorName="Jungo" ShortName="" WebSite="" />
	<Vendor VendorId="2522" VendorName="A-FOUR TECH CO., LTD." ShortName="" WebSite="" />
	<Vendor VendorId="2533" VendorName="Jo-Dan International, Inc." ShortName="" WebSite="" />
	<Vendor VendorId="2578" VendorName="Cambridge Silicon Radio Ltd." ShortName="" WebSite="" />
	<Vendor VendorId="2583" VendorName="HOYA Corporation" ShortName="" WebSite="" />
	<Vendor VendorId="2593" VendorName="Physio-Control, Inc." ShortName="" WebSite="" />
	<Vendor VendorId="2631" VendorName="Hirose Electric Co., Ltd." ShortName="" WebSite="" />
	<Vendor VendorId="2632" VendorName="I/O Interconnect" ShortName="" WebSite="" />
	<Vendor VendorId="2636" VendorName="COMPUTEX Co., Ltd." ShortName="" WebSite="" />
	<Vendor VendorId="2640" VendorName="Mimaki Engineering Co., Ltd." ShortName="" WebSite="" />
	<Vendor VendorId="2652" VendorName="Broadcom Corp." ShortName="" WebSite="" />
	<Vendor VendorId="2667" VendorName="Green House Co., Ltd." ShortName="" WebSite="" />
	<Vendor VendorId="2685" VendorName="Intertek NSTL" ShortName="" WebSite="" />
	<Vendor VendorId="2689" VendorName="CHESEN ELECTRONICS CORP." ShortName="" WebSite="" />
	<Vendor VendorId="2702" VendorName="Japan Aviation Electronics Industry Ltd. (JAE)" ShortName="" WebSite="" />
	<Vendor VendorId="2703" VendorName="Young Chang Co. Ltd." ShortName="" WebSite="" />
	<Vendor VendorId="2727" VendorName="Wincor Nixdorf GmbH &amp; Co KG" ShortName="" WebSite="" />
	<Vendor VendorId="2755" VendorName="SANYO Semiconductor Company Micro" ShortName="" WebSite="" />
	<Vendor VendorId="2760" VendorName="Vimicro Corporation" ShortName="" WebSite="" />
	<Vendor VendorId="2787" VendorName="Allion Test Labs, Inc." ShortName="" WebSite="" />
	<Vendor VendorId="2800" VendorName="Option NV" ShortName="" WebSite="" />
	<Vendor VendorId="2821" VendorName="ASUSTek Computer Inc." ShortName="" WebSite="" />
	<Vendor VendorId="2846" VendorName="Electronic Warfare Associates, Inc. (EWA)" ShortName="" WebSite="" />
	<Vendor VendorId="2849" VendorName="Yokogawa Electric Corporation" ShortName="" WebSite="" />
	<Vendor VendorId="2851" VendorName="Pan-Asia Electronics Co., Ltd." ShortName="" WebSite="" />
	<Vendor VendorId="2876" VendorName="Olivetti S.p.A" ShortName="" WebSite="" />
	<Vendor VendorId="2894" VendorName="Musical Electronics Ltd." ShortName="" WebSite="" />
	<Vendor VendorId="2900" VendorName="Sinbon Electronics Co., Ltd." ShortName="" WebSite="" />
	<Vendor VendorId="2922" VendorName="Maxim Integrated Products" ShortName="" WebSite="" />
	<Vendor VendorId="2965" VendorName="ASIX Electronics Corporation" ShortName="" WebSite="" />
	<Vendor VendorId="2967" VendorName="O2Micro, Inc." ShortName="" WebSite="" />
	<Vendor VendorId="2996" VendorName="HTC Corporation" ShortName="" WebSite="" />
	<Vendor VendorId="2997" VendorName="Murata Manufacturing Co., Ltd." ShortName="" WebSite="" />
	<Vendor VendorId="3010" VendorName="Seagate Technology LLC" ShortName="" WebSite="" />
	<Vendor VendorId="3034" VendorName="Realtek Semiconductor Corp." ShortName="" WebSite="" />
	<Vendor VendorId="3035" VendorName="Ericsson AB" ShortName="" WebSite="" />
	<Vendor VendorId="3044" VendorName="Elka International Ltd." ShortName="" WebSite="" />
	<Vendor VendorId="3054" VendorName="LTK International Limited" ShortName="" WebSite="" />
	<Vendor VendorId="3078" VendorName="Hasbro, Inc." ShortName="" WebSite="" />
	<Vendor VendorId="3083" VendorName="Dura Micro, Inc." ShortName="" WebSite="" />
	<Vendor VendorId="3108" VendorName="Taiyo Yuden Co., Ltd." ShortName="" WebSite="" />
	<Vendor VendorId="3129" VendorName="Aeroflex" ShortName="" WebSite="" />
	<Vendor VendorId="3141" VendorName="Sonix Technology Co., Ltd." ShortName="" WebSite="" />
	<Vendor VendorId="3158" VendorName="Billion Bright Limited" ShortName="" WebSite="" />
	<Vendor VendorId="3161" VendorName="Dong Guan Shinko Wire Co., Ltd." ShortName="" WebSite="" />
	<Vendor VendorId="3170" VendorName="Chant Sincere Co., Ltd" ShortName="" WebSite="" />
	<Vendor VendorId="3176" VendorName="Whanam Electronics Co., Ltd." ShortName="" WebSite="" />
	<Vendor VendorId="3190" VendorName="Solid State System Co., Ltd." ShortName="" WebSite="" />
	<Vendor VendorId="3209" VendorName="Honda Tsushin Kogyo Co., Ltd" ShortName="" WebSite="" />
	<Vendor VendorId="3245" VendorName="Motorola Solutions" ShortName="" WebSite="" />
	<Vendor VendorId="3255" VendorName="Singatron Enterprise Co. Ltd." ShortName="" WebSite="" />
	<Vendor VendorId="3268" VendorName="emsys Embedded Systems GmbH" ShortName="" WebSite="" />
	<Vendor VendorId="3289" VendorName="Shin Din Cable Ltd." ShortName="" WebSite="" />
	<Vendor VendorId="3294" VendorName="Z-Com INC." ShortName="" WebSite="" />
	<Vendor VendorId="3313" VendorName="e-CONN ELECTRONIC CO., LTD." ShortName="" WebSite="" />
	<Vendor VendorId="3314" VendorName="ENE Technology Inc." ShortName="" WebSite="" />
	<Vendor VendorId="3315" VendorName="Qualcomm Atheros, Inc." ShortName="" WebSite="" />
	<Vendor VendorId="3351" VendorName="NALTEC, Inc." ShortName="" WebSite="" />
	<Vendor VendorId="3353" VendorName="Shanghai Hank Connection Co., Ltd." ShortName="" WebSite="" />
	<Vendor VendorId="3402" VendorName="NF Corporation" ShortName="" WebSite="" />
	<Vendor VendorId="3403" VendorName="Grape Systems Inc." ShortName="" WebSite="" />
	<Vendor VendorId="3409" VendorName="Volex (Asia) Pte Ltd" ShortName="" WebSite="" />
	<Vendor VendorId="3425" VendorName="MEILU ELECTRONICS (SHENZHEN) CO., LTD." ShortName="" WebSite="" />
	<Vendor VendorId="3452" VendorName="Taiwan Line Tek Electronic Co., Ltd." ShortName="" WebSite="" />
	<Vendor VendorId="3463" VendorName="Dolby Laboratories Inc." ShortName="" WebSite="" />
	<Vendor VendorId="3468" VendorName="C-MEDIA ELECTRONICS INC." ShortName="" WebSite="" />
	<Vendor VendorId="3471" VendorName="Pitney Bowes" ShortName="" WebSite="" />
	<Vendor VendorId="3472" VendorName="Sure-Fire Electrical Corporation" ShortName="" WebSite="" />
	<Vendor VendorId="3495" VendorName="IOGEAR, Inc." ShortName="" WebSite="" />
	<Vendor VendorId="3504" VendorName="Micro-Star International Co., Ltd." ShortName="" WebSite="" />
	<Vendor VendorId="3524" VendorName="inXtron, Inc." ShortName="" WebSite="" />
	<Vendor VendorId="3525" VendorName="SDK Co, Ltd." ShortName="" WebSite="" />
	<Vendor VendorId="3537" VendorName="Contek Electronics Co., Ltd." ShortName="" WebSite="" />
	<Vendor VendorId="3538" VendorName="Power Quotient International Co., Ltd." ShortName="" WebSite="" />
	<Vendor VendorId="3540" VendorName="Custom Engineering SPA" ShortName="" WebSite="" />
	<Vendor VendorId="3562" VendorName="UTECH Electronic (D.G.) Co., Ltd." ShortName="" WebSite="" />
	<Vendor VendorId="3619" VendorName="Liou Yuane International Ltd." ShortName="" WebSite="" />
	<Vendor VendorId="3641" VendorName="Smart Modular Technologies, Inc." ShortName="" WebSite="" />
	<Vendor VendorId="3642" VendorName="Neostar Technology Co., Ltd." ShortName="" WebSite="" />
	<Vendor VendorId="3675" VendorName="Union Power Information Industrial Co., Ltd." ShortName="" WebSite="" />
	<Vendor VendorId="3677" VendorName="Neltron Industrial Co., Ltd." ShortName="" WebSite="" />
	<Vendor VendorId="3690" VendorName="Megawin Technology Co., Ltd." ShortName="" WebSite="" />
	<Vendor VendorId="3698" VendorName="Hsi-Chin Electronics Co., Ltd." ShortName="" WebSite="" />
	<Vendor VendorId="3724" VendorName="Well Force Electronic Co., Ltd" ShortName="" WebSite="" />
	<Vendor VendorId="3725" VendorName="MediaTek Inc." ShortName="" WebSite="" />
	<Vendor VendorId="3739" VendorName="ADTEC CORPORATION" ShortName="" WebSite="" />
	<Vendor VendorId="3744" VendorName="Ours Technology Inc." ShortName="" WebSite="" />
	<Vendor VendorId="3762" VendorName="Y-S ELECTRONIC CO., LTD." ShortName="" WebSite="" />
	<Vendor VendorId="3778" VendorName="Sweetray Industrial Ltd." ShortName="" WebSite="" />
	<Vendor VendorId="3779" VendorName="AXELL CO., LTD." ShortName="" WebSite="" />
	<Vendor VendorId="3782" VendorName="InnoVISION Multimedia Limited" ShortName="" WebSite="" />
	<Vendor VendorId="3789" VendorName="Lite-On IT Corp." ShortName="" WebSite="" />
	<Vendor VendorId="3812" VendorName="Sunrich Technology (H.K.) Ltd." ShortName="" WebSite="" />
	<Vendor VendorId="3848" VendorName="CSL Wire &amp; Plug (Shen Zhen) Company" ShortName="" WebSite="" />
	<Vendor VendorId="3886" VendorName="Good Man Corporation" ShortName="" WebSite="" />
	<Vendor VendorId="3890" VendorName="YFC-BonEagle Electric Co., Ltd." ShortName="" WebSite="" />
	<Vendor VendorId="3896" VendorName="Nien-Yi Industrial Corp." ShortName="" WebSite="" />
	<Vendor VendorId="3916" VendorName="WORLDWIDE CABLE OPTO CORP." ShortName="" WebSite="" />
	<Vendor VendorId="3922" VendorName="WING KEI ELECTRICAL CO., LTD." ShortName="" WebSite="" />
	<Vendor VendorId="3923" VendorName="Taiyo Cable (Dongguan) Co. Ltd." ShortName="" WebSite="" />
	<Vendor VendorId="3924" VendorName="Kawai Musical Instruments Mfg. Co., Ltd." ShortName="" WebSite="" />
	<Vendor VendorId="3936" VendorName="GuangZhou Chief Tech Electronic Technology Co. Ltd." ShortName="" WebSite="" />
	<Vendor VendorId="3944" VendorName="TEPCO UQUEST, LTD." ShortName="" WebSite="" />
	<Vendor VendorId="3945" VendorName="DIONEX CORPORATION" ShortName="" WebSite="" />
	<Vendor VendorId="3979" VendorName="Yazaki Corporation" ShortName="" WebSite="" />
	<Vendor VendorId="3991" VendorName="CviLux Corporation" ShortName="" WebSite="" />
	<Vendor VendorId="4024" VendorName="Wistron Corporation" ShortName="" WebSite="" />
	<Vendor VendorId="4026" VendorName="SAN SHING ELECTRONICS CO., LTD.." ShortName="" WebSite="" />
	<Vendor VendorId="4046" VendorName="Sony Ericsson Mobile Communications AB" ShortName="" WebSite="" />
	<Vendor VendorId="4096" VendorName="Speed Tech Corp." ShortName="" WebSite="" />
	<Vendor VendorId="4100" VendorName="LG Electronics Inc." ShortName="" WebSite="" />
	<Vendor VendorId="4134" VendorName="Newly Corporation" ShortName="" WebSite="" />
	<Vendor VendorId="4152" VendorName="SteelSeries ApS" ShortName="" WebSite="" />
	<Vendor VendorId="4168" VendorName="Targus Group International" ShortName="" WebSite="" />
	<Vendor VendorId="4183" VendorName="ON Semiconductor" ShortName="" WebSite="" />
	<Vendor VendorId="4184" VendorName="Western Digital Technologies, Inc." ShortName="" WebSite="" />
	<Vendor VendorId="4185" VendorName="Giesecke &amp; Devrient GmbH" ShortName="" WebSite="" />
	<Vendor VendorId="4188" VendorName="Freeway Electronic Wire &amp; Cable (Dongguan) Co., Ltd." ShortName="" WebSite="" />
	<Vendor VendorId="4227" VendorName="CANON ELECTRONICS INC." ShortName="" WebSite="" />
	<Vendor VendorId="4228" VendorName="PANTECH CO., LTD." ShortName="" WebSite="" />
	<Vendor VendorId="4235" VendorName="Grand-tek Technology Co., Ltd." ShortName="" WebSite="" />
	<Vendor VendorId="4236" VendorName="Robert Bosch GmbH" ShortName="" WebSite="" />
	<Vendor VendorId="4238" VendorName="Lotes Co., Ltd." ShortName="" WebSite="" />
	<Vendor VendorId="4266" VendorName="Cables To Go" ShortName="" WebSite="" />
	<Vendor VendorId="4267" VendorName="USI Co., Ltd." ShortName="" WebSite="" />
	<Vendor VendorId="4270" VendorName="Princeton Technology Corp." ShortName="" WebSite="" />
	<Vendor VendorId="4280" VendorName="DIBCOM" ShortName="" WebSite="" />
	<Vendor VendorId="4283" VendorName="TM Technology Inc." ShortName="" WebSite="" />
	<Vendor VendorId="4301" VendorName="Kycon Inc." ShortName="" WebSite="" />
	<Vendor VendorId="4310" VendorName="Actions Semiconductor Co., Ltd." ShortName="" WebSite="" />
	<Vendor VendorId="4370" VendorName="Golden Bright (Sichuan) Electronic Technology Co Ltd" ShortName="" WebSite="" />
	<Vendor VendorId="4371" VendorName="Medion AG" ShortName="" WebSite="" />
	<Vendor VendorId="4381" VendorName="Centon Electronics" ShortName="" WebSite="" />
	<Vendor VendorId="4382" VendorName="VSO ELECTRONICS CO., LTD." ShortName="" WebSite="" />
	<Vendor VendorId="4398" VendorName="Master Hill Electric Wire and Cable Co., Ltd." ShortName="" WebSite="" />
	<Vendor VendorId="4400" VendorName="Tenx Technology, Inc." ShortName="" WebSite="" />
	<Vendor VendorId="4422" VendorName="Shimane SANYO Electric Co., Ltd." ShortName="" WebSite="" />
	<Vendor VendorId="4429" VendorName="Alpha Imaging Technology Corp." ShortName="" WebSite="" />
	<Vendor VendorId="4443" VendorName="Salix Technology Co., Ltd." ShortName="" WebSite="" />
	<Vendor VendorId="4469" VendorName="Sheng Yih Technologies Co., Ltd." ShortName="" WebSite="" />
	<Vendor VendorId="4505" VendorName="Sierra Wireless Inc." ShortName="" WebSite="" />
	<Vendor VendorId="4506" VendorName="DONG GUAN JALINK ELECTRONICES CO.,LTD" ShortName="" WebSite="" />
	<Vendor VendorId="4522" VendorName="GlobalMedia Group, LLC" ShortName="" WebSite="" />
	<Vendor VendorId="4528" VendorName="ATECH FLASH TECHNOLOGY" ShortName="" WebSite="" />
	<Vendor VendorId="4582" VendorName="K.I. Technology Co. Ltd." ShortName="" WebSite="" />
	<Vendor VendorId="4622" VendorName="HUDSON SOFT CO., LTD." ShortName="" WebSite="" />
	<Vendor VendorId="4643" VendorName="SKYCABLE ENTERPRISE. CO., LTD." ShortName="" WebSite="" />
	<Vendor VendorId="4683" VendorName="NYKO Technologies, Inc." ShortName="" WebSite="" />
	<Vendor VendorId="4703" VendorName="ADATA Technology Co., Ltd." ShortName="" WebSite="" />
	<Vendor VendorId="4706" VendorName="MICRO VISION CO., LTD." ShortName="" WebSite="" />
	<Vendor VendorId="4716" VendorName="Aristocrat Technologies" ShortName="" WebSite="" />
	<Vendor VendorId="4717" VendorName="Bel Stewart" ShortName="" WebSite="" />
	<Vendor VendorId="4737" VendorName="Gean Sen Electronic Co., Ltd." ShortName="" WebSite="" />
	<Vendor VendorId="4742" VendorName="MARVELL SEMICONDUCTOR, INC." ShortName="" WebSite="" />
	<Vendor VendorId="4756" VendorName="RISO KAGAKU CORP." ShortName="" WebSite="" />
	<Vendor VendorId="4779" VendorName="Honey Bee Electronic International Ltd." ShortName="" WebSite="" />
	<Vendor VendorId="4792" VendorName="Zhejiang Xinya Electronic Technology Co., Ltd." ShortName="" WebSite="" />
	<Vendor VendorId="4818" VendorName="LINE TECH INDUSTRIAL CO., LTD." ShortName="" WebSite="" />
	<Vendor VendorId="4823" VendorName="Better Holdings (HK) Limited" ShortName="" WebSite="" />
	<Vendor VendorId="4907" VendorName="Konica Minolta Holdings, Inc." ShortName="" WebSite="" />
	<Vendor VendorId="4936" VendorName="Katsuragawa Electric Co., Ltd." ShortName="" WebSite="" />
	<Vendor VendorId="4976" VendorName="Swissbit AG" ShortName="" WebSite="" />
	<Vendor VendorId="4989" VendorName="Pericom Semiconductor Corp." ShortName="" WebSite="" />
	<Vendor VendorId="5008" VendorName="TomTom International B.V." ShortName="" WebSite="" />
	<Vendor VendorId="5066" VendorName="JyeTai Precision Industrial Co., Ltd." ShortName="" WebSite="" />
	<Vendor VendorId="5071" VendorName="Wisair Ltd." ShortName="" WebSite="" />
	<Vendor VendorId="5075" VendorName="AzureWave Technologies, Inc." ShortName="" WebSite="" />
	<Vendor VendorId="5084" VendorName="ALEREON, INC." ShortName="" WebSite="" />
	<Vendor VendorId="5117" VendorName="Initio Corporation" ShortName="" WebSite="" />
	<Vendor VendorId="5118" VendorName="Phison Electronics Corp." ShortName="" WebSite="" />
	<Vendor VendorId="5134" VendorName="Telechips, Inc." ShortName="" WebSite="" />
	<Vendor VendorId="5136" VendorName="Novatel Wireless, Inc." ShortName="" WebSite="" />
	<Vendor VendorId="5145" VendorName="ABILITY ENTERPRISE CO., LTD." ShortName="" WebSite="" />
	<Vendor VendorId="5153" VendorName="Sensor Technologies America, Inc." ShortName="" WebSite="" />
	<Vendor VendorId="5161" VendorName="Vega Technologies Industrial (Austria) Co." ShortName="" WebSite="" />
	<Vendor VendorId="5177" VendorName="Wind River Systems Inc." ShortName="" WebSite="" />
	<Vendor VendorId="5180" VendorName="Altek Corporation" ShortName="" WebSite="" />
	<Vendor VendorId="5242" VendorName="Formosa21 Inc." ShortName="" WebSite="" />
	<Vendor VendorId="5255" VendorName="DSP Group, Ltd." ShortName="" WebSite="" />
	<Vendor VendorId="5262" VendorName="EVATRONIX SA" ShortName="" WebSite="" />
	<Vendor VendorId="5293" VendorName="CTK Corporation" ShortName="" WebSite="" />
	<Vendor VendorId="5295" VendorName="ATP Electronics Inc." ShortName="" WebSite="" />
	<Vendor VendorId="5296" VendorName="StarTech.com Ltd." ShortName="" WebSite="" />
	<Vendor VendorId="5325" VendorName="MOAI ELECTRONICS CORPORATION" ShortName="" WebSite="" />
	<Vendor VendorId="5376" VendorName="Ellisys" ShortName="" WebSite="" />
	<Vendor VendorId="5398" VendorName="Skymedi Corporation" ShortName="" WebSite="" />
	<Vendor VendorId="5404" VendorName="VeriSilicon Holdings Co., Ltd." ShortName="" WebSite="" />
	<Vendor VendorId="5422" VendorName="HLDS (Hitachi-LG Data Storage, Inc.)" ShortName="" WebSite="" />
	<Vendor VendorId="5440" VendorName="Phihong Technology Co., Ltd." ShortName="" WebSite="" />
	<Vendor VendorId="5451" VendorName="PNY Technologies Inc." ShortName="" WebSite="" />
	<Vendor VendorId="5453" VendorName="Rapid Conn, Connect County Holdings Bhd" ShortName="" WebSite="" />
	<Vendor VendorId="5454" VendorName="D &amp; M Holdings, Inc." ShortName="" WebSite="" />
	<Vendor VendorId="5480" VendorName="Sunf Pu Technology Co., Ltd" ShortName="" WebSite="" />
	<Vendor VendorId="5488" VendorName="ALLTOP TECHNOLOGY CO., LTD." ShortName="" WebSite="" />
	<Vendor VendorId="5499" VendorName="Ketron SRL" ShortName="" WebSite="" />
	<Vendor VendorId="5510" VendorName="Palconn Technology Co., Ltd." ShortName="" WebSite="" />
	<Vendor VendorId="5538" VendorName="Freescale Semiconductor, Inc." ShortName="" WebSite="" />
	<Vendor VendorId="5577" VendorName="D-Box Technologies" ShortName="" WebSite="" />
	<Vendor VendorId="5600" VendorName="Seong Ji Industrial Co., Ltd." ShortName="" WebSite="" />
	<Vendor VendorId="5645" VendorName="Samtec" ShortName="" WebSite="" />
	<Vendor VendorId="5650" VendorName="Soft DB Inc." ShortName="" WebSite="" />
	<Vendor VendorId="5694" VendorName="HongLin Electronics Co., Ltd." ShortName="" WebSite="" />
	<Vendor VendorId="5728" VendorName="Creatix Polymedia GmbH" ShortName="" WebSite="" />
	<Vendor VendorId="5753" VendorName="Total Phase" ShortName="" WebSite="" />
	<Vendor VendorId="5762" VendorName="Maxwise Production Enterprise Ltd." ShortName="" WebSite="" />
	<Vendor VendorId="5797" VendorName="Shenzhen Zhengerya Technology Co., Ltd." ShortName="" WebSite="" />
	<Vendor VendorId="5804" VendorName="Dongguan ChingLung Wire &amp; Cable Co., Ltd." ShortName="" WebSite="" />
	<Vendor VendorId="5836" VendorName="silex technology, Inc." ShortName="" WebSite="" />
	<Vendor VendorId="5942" VendorName="CANON IMAGING SYSTEMS INC." ShortName="" WebSite="" />
	<Vendor VendorId="5946" VendorName="Roche Diagnostics" ShortName="" WebSite="" />
	<Vendor VendorId="5960" VendorName="MQP Electronics Ltd." ShortName="" WebSite="" />
	<Vendor VendorId="5964" VendorName="ASMedia Technology Inc." ShortName="" WebSite="" />
	<Vendor VendorId="5977" VendorName="LucidPort Technology, Inc." ShortName="" WebSite="" />
	<Vendor VendorId="5998" VendorName="UD electronic corp." ShortName="" WebSite="" />
	<Vendor VendorId="6001" VendorName="Shenzhen Alex Connector Co., Ltd." ShortName="" WebSite="" />
	<Vendor VendorId="6002" VendorName="System Level Solutions, Inc." ShortName="" WebSite="" />
	<Vendor VendorId="6024" VendorName="ShenZhen Litkconn Technology Co., Ltd." ShortName="" WebSite="" />
	<Vendor VendorId="6038" VendorName="Printrex, Inc." ShortName="" WebSite="" />
	<Vendor VendorId="6053" VendorName="Advanced Connection Technology Inc." ShortName="" WebSite="" />
	<Vendor VendorId="6078" VendorName="Dongguan Yangming Precision of Plastic Metal Elec.Co.Lt" ShortName="" WebSite="" />
	<Vendor VendorId="6095" VendorName="Hip Hing Cable &amp; Plug Mfy. Ltd." ShortName="" WebSite="" />
	<Vendor VendorId="6113" VendorName="ORTHOFIX" ShortName="" WebSite="" />
	<Vendor VendorId="6121" VendorName="DisplayLink (UK) Ltd." ShortName="" WebSite="" />
	<Vendor VendorId="6127" VendorName="Lenovo" ShortName="" WebSite="" />
	<Vendor VendorId="6133" VendorName="K.K. Rocky" ShortName="" WebSite="" />
	<Vendor VendorId="6185" VendorName="Dongguan YuQiu Electronics Co., Ltd." ShortName="" WebSite="" />
	<Vendor VendorId="6193" VendorName="Gwo Jinn Industries Co., Ltd." ShortName="" WebSite="" />
	<Vendor VendorId="6296" VendorName="Summit Microelectronics" ShortName="" WebSite="" />
	<Vendor VendorId="6297" VendorName="Linkiss Co., Ltd." ShortName="" WebSite="" />
	<Vendor VendorId="6299" VendorName="Trimax Electronics Co., Ltd." ShortName="" WebSite="" />
	<Vendor VendorId="6353" VendorName="Google Inc." ShortName="" WebSite="" />
	<Vendor VendorId="6371" VendorName="Fitilink Integrated Technology, Inc." ShortName="" WebSite="" />
	<Vendor VendorId="6394" VendorName="Kuang Ying Computer Equipment Co., Ltd." ShortName="" WebSite="" />
	<Vendor VendorId="6397" VendorName="FineArch Inc." ShortName="" WebSite="" />
	<Vendor VendorId="6420" VendorName="Alco Digital Devices Limited" ShortName="" WebSite="" />
	<Vendor VendorId="6421" VendorName="Nordic Semiconductor ASA" ShortName="" WebSite="" />
	<Vendor VendorId="6447" VendorName="Avago Technologies, Pte." ShortName="" WebSite="" />
	<Vendor VendorId="6448" VendorName="Shenzhen Xianhe Technology Co., Ltd." ShortName="" WebSite="" />
	<Vendor VendorId="6449" VendorName="Ningbo Broad Telecommunication Co., Ltd." ShortName="" WebSite="" />
	<Vendor VendorId="6470" VendorName="Irisguard UK Ltd" ShortName="" WebSite="" />
	<Vendor VendorId="6473" VendorName="Lab126" ShortName="" WebSite="" />
	<Vendor VendorId="6483" VendorName="Ironkey Inc." ShortName="" WebSite="" />
	<Vendor VendorId="6487" VendorName="BIOS Corporation" ShortName="" WebSite="" />
	<Vendor VendorId="6488" VendorName="Office Depot, Inc." ShortName="" WebSite="" />
	<Vendor VendorId="6537" VendorName="Nuconn Technology Corp." ShortName="" WebSite="" />
	<Vendor VendorId="6541" VendorName="Fairchild Imaging" ShortName="" WebSite="" />
	<Vendor VendorId="6556" VendorName="Richnex Microelectronics Corporation" ShortName="" WebSite="" />
	<Vendor VendorId="6557" VendorName="Dexxon" ShortName="" WebSite="" />
	<Vendor VendorId="6610" VendorName="ZTE Corporation" ShortName="" WebSite="" />
	<Vendor VendorId="6632" VendorName="Industrial Technology Research Institute" ShortName="" WebSite="" />
	<Vendor VendorId="6655" VendorName="Best Buy" ShortName="" WebSite="" />
	<Vendor VendorId="6666" VendorName="USB-IF non-workshop" ShortName="" WebSite="" />
	<Vendor VendorId="6693" VendorName="Amphenol East Asia Ltd." ShortName="" WebSite="" />
	<Vendor VendorId="6709" VendorName="Astec Power, a division of Emerson Network Power" ShortName="" WebSite="" />
	<Vendor VendorId="6710" VendorName="Biwin Technology Ltd." ShortName="" WebSite="" />
	<Vendor VendorId="6720" VendorName="TERMINUS TECHNOLOGY INC." ShortName="" WebSite="" />
	<Vendor VendorId="6730" VendorName="Silicon Image" ShortName="" WebSite="" />
	<Vendor VendorId="6746" VendorName="Tandberg Data" ShortName="" WebSite="" />
	<Vendor VendorId="6766" VendorName="Global Unichip Corp." ShortName="" WebSite="" />
	<Vendor VendorId="6777" VendorName="Bayer Health Care LLC" ShortName="" WebSite="" />
	<Vendor VendorId="6779" VendorName="Lumberg Connect GmbH" ShortName="" WebSite="" />
	<Vendor VendorId="6786" VendorName="Proconn Technology Co., Ltd." ShortName="" WebSite="" />
	<Vendor VendorId="6794" VendorName="Simula Technology Inc." ShortName="" WebSite="" />
	<Vendor VendorId="6795" VendorName="SGS Taiwan Ltd." ShortName="" WebSite="" />
	<Vendor VendorId="6808" VendorName="Leica Camera AG" ShortName="" WebSite="" />
	<Vendor VendorId="6830" VendorName="Johnson Component &amp; Equipments Co., Ltd." ShortName="" WebSite="" />
	<Vendor VendorId="6859" VendorName="Salcomp Plc" ShortName="" WebSite="" />
	<Vendor VendorId="6865" VendorName="Desan Wire Co., Ltd." ShortName="" WebSite="" />
	<Vendor VendorId="6885" VendorName="Jianduan Technology (Shenzhen) Co., Ltd" ShortName="" WebSite="" />
	<Vendor VendorId="6893" VendorName="High Top Precision Electronic Co., Ltd." ShortName="" WebSite="" />
	<Vendor VendorId="6894" VendorName="SHEN ZHEN REX TECHNOLOGY CO., LTD." ShortName="" WebSite="" />
	<Vendor VendorId="6895" VendorName="Octekconn Incorporation" ShortName="" WebSite="" />
	<Vendor VendorId="6944" VendorName="MStar Semiconductor, Inc." ShortName="" WebSite="" />
	<Vendor VendorId="6966" VendorName="ViXS Systems, Inc." ShortName="" WebSite="" />
	<Vendor VendorId="6984" VendorName="Plastron Precision Co., Ltd." ShortName="" WebSite="" />
	<Vendor VendorId="7048" VendorName="ShenMing Electron (Dong Guan) Co., Ltd." ShortName="" WebSite="" />
	<Vendor VendorId="7055" VendorName="Super Talent Technology, Inc." ShortName="" WebSite="" />
	<Vendor VendorId="7065" VendorName="Shenzhen Yuanchuan Electronic" ShortName="" WebSite="" />
	<Vendor VendorId="7108" VendorName="Ford Motor Co." ShortName="" WebSite="" />
	<Vendor VendorId="7118" VendorName="Contac Cable Industrial Limited" ShortName="" WebSite="" />
	<Vendor VendorId="7119" VendorName="Sunplus Innovation Technology Inc." ShortName="" WebSite="" />
	<Vendor VendorId="7158" VendorName="Orient Semiconductor Electronics, Ltd." ShortName="" WebSite="" />
	<Vendor VendorId="7184" VendorName="Lanterra Industrial Co., Ltd." ShortName="" WebSite="" />
	<Vendor VendorId="7207" VendorName="SHENZHEN D&amp;S INDUSTRIES LIMITED" ShortName="" WebSite="" />
	<Vendor VendorId="7275" VendorName="Philips &amp; Lite-ON Digital Solutions Corporation" ShortName="" WebSite="" />
	<Vendor VendorId="7287" VendorName="Kaetat Industrial Co., Ltd." ShortName="" WebSite="" />
	<Vendor VendorId="7288" VendorName="Mindray DS USA, Inc." ShortName="" WebSite="" />
	<Vendor VendorId="7290" VendorName="Egis Technology, Inc." ShortName="" WebSite="" />
	<Vendor VendorId="7291" VendorName="Shenzhen Luxshare Precision Industry Co., Ltd." ShortName="" WebSite="" />
	<Vendor VendorId="7310" VendorName="ASTRON INTERNATIONAL CORP." ShortName="" WebSite="" />
	<Vendor VendorId="7320" VendorName="ALPINE ELECTRONICS, INC." ShortName="" WebSite="" />
	<Vendor VendorId="7347" VendorName="Aces Electronics Co., Ltd." ShortName="" WebSite="" />
	<Vendor VendorId="7348" VendorName="OPEX CORPORATION" ShortName="" WebSite="" />
	<Vendor VendorId="7358" VendorName="Texas Instruments - Stellaris" ShortName="" WebSite="" />
	<Vendor VendorId="7390" VendorName="Telecommunications Technology Association (TTA)" ShortName="" WebSite="" />
	<Vendor VendorId="7393" VendorName="Amphenol KAE" ShortName="" WebSite="" />
	<Vendor VendorId="7432" VendorName="NINGBO HENTEK DRAGON ELECTRONICS CO., LTD." ShortName="" WebSite="" />
	<Vendor VendorId="7434" VendorName="Johnson Controls, Inc." ShortName="" WebSite="" />
	<Vendor VendorId="7465" VendorName="Horng Tong Enterprise Co., Ltd." ShortName="" WebSite="" />
	<Vendor VendorId="7490" VendorName="DRAGON JOY LIMITED" ShortName="" WebSite="" />
	<Vendor VendorId="7491" VendorName="Montage Technology, Inc." ShortName="" WebSite="" />
	<Vendor VendorId="7493" VendorName="Qisda Corporation" ShortName="" WebSite="" />
	<Vendor VendorId="7497" VendorName="SHENZHEN LINKCONN ELECTRONICS CO., LTD." ShortName="" WebSite="" />
	<Vendor VendorId="7501" VendorName="Pegatron Corporation" ShortName="" WebSite="" />
	<Vendor VendorId="7516" VendorName="Fresco Logic Inc." ShortName="" WebSite="" />
	<Vendor VendorId="7517" VendorName="QIXING INDUSTRIAL (HK) CO." ShortName="" WebSite="" />
	<Vendor VendorId="7520" VendorName="ASAP International Co., Ltd." ShortName="" WebSite="" />
	<Vendor VendorId="7529" VendorName="Walta Electronic Co., Ltd." ShortName="" WebSite="" />
	<Vendor VendorId="7531" VendorName="The Linux Foundation" ShortName="" WebSite="" />
	<Vendor VendorId="7543" VendorName="Yueqing Changling Electronic Instrument Corp., Ltd." ShortName="" WebSite="" />
	<Vendor VendorId="7545" VendorName="Shenzhen My-Power Technology Co., Ltd." ShortName="" WebSite="" />
	<Vendor VendorId="7552" VendorName="PLDA" ShortName="" WebSite="" />
	<Vendor VendorId="7584" VendorName="Parade Technologies, Inc." ShortName="" WebSite="" />
	<Vendor VendorId="7614" VendorName="S.R.N. Corporation" ShortName="" WebSite="" />
	<Vendor VendorId="7628" VendorName="Document Capture Technologies, Inc." ShortName="" WebSite="" />
	<Vendor VendorId="7640" VendorName="BUFFALO KOKUYO SUPPLY INC." ShortName="" WebSite="" />
	<Vendor VendorId="7647" VendorName="GDA Technologies, Inc." ShortName="" WebSite="" />
	<Vendor VendorId="7666" VendorName="Telecommunication Metrology Center of MII" ShortName="" WebSite="" />
	<Vendor VendorId="7688" VendorName="Inventure, Inc." ShortName="" WebSite="" />
	<Vendor VendorId="7696" VendorName="Point Grey Research Inc." ShortName="" WebSite="" />
	<Vendor VendorId="7731" VendorName="KOBIAN CANADA INC." ShortName="" WebSite="" />
	<Vendor VendorId="7738" VendorName="Continental Automotive Systems Inc." ShortName="" WebSite="" />
	<Vendor VendorId="7751" VendorName="HUNG TA H.T.ENTERPRISE CO., LTD." ShortName="" WebSite="" />
	<Vendor VendorId="7758" VendorName="Etron Technology, Inc." ShortName="" WebSite="" />
	<Vendor VendorId="7789" VendorName="WAN SHIH ELECTRONIC (H.K.) CO., LTD." ShortName="" WebSite="" />
	<Vendor VendorId="7795" VendorName="COMLINK ELECTRONICS CO., LTD." ShortName="" WebSite="" />
	<Vendor VendorId="7817" VendorName="Vtion Information Technology (Fujian) Co., Ltd." ShortName="" WebSite="" />
	<Vendor VendorId="7843" VendorName="Concraft Holding Co., Ltd." ShortName="" WebSite="" />
	<Vendor VendorId="7863" VendorName="WIN WIN PRECISION INDUSTRIAL CO., LTD." ShortName="" WebSite="" />
	<Vendor VendorId="7881" VendorName="MOSER BAER INDIA LIMITED" ShortName="" WebSite="" />
	<Vendor VendorId="7892" VendorName="Transwitch (Israel) Ltd." ShortName="" WebSite="" />
	<Vendor VendorId="7965" VendorName="How Weih Precision Technology (Shenzhen)Co., Ltd." ShortName="" WebSite="" />
	<Vendor VendorId="7968" VendorName="Shenzhen Tenwei Electronics Co., Ltd." ShortName="" WebSite="" />
	<Vendor VendorId="7976" VendorName="Cal-Comp Electronics &amp; Communications" ShortName="" WebSite="" />
	<Vendor VendorId="7977" VendorName="Analogix Semiconductor, Inc." ShortName="" WebSite="" />
	<Vendor VendorId="7985" VendorName="SASKEN COMMUNICATION TECH LTD." ShortName="" WebSite="" />
	<Vendor VendorId="7989" VendorName="Amphenol Shouh Min Industry" ShortName="" WebSite="" />
	<Vendor VendorId="7996" VendorName="Chang Yang Electronics Company Ltd." ShortName="" WebSite="" />
	<Vendor VendorId="8009" VendorName="ITT Corporation" ShortName="" WebSite="" />
	<Vendor VendorId="8053" VendorName="Innostor Co., Ltd." ShortName="" WebSite="" />
	<Vendor VendorId="8073" VendorName="Dongguan Goldconn Electronics Co., Ltd." ShortName="" WebSite="" />
	<Vendor VendorId="8074" VendorName="Morning Star Industrial Co., Ltd." ShortName="" WebSite="" />
	<Vendor VendorId="8108" VendorName="Franklin Technology Inc." ShortName="" WebSite="" />
	<Vendor VendorId="8109" VendorName="Cresta Technology Inc." ShortName="" WebSite="" />
	<Vendor VendorId="8116" VendorName="Owl Computing Technologies, Inc." ShortName="" WebSite="" />
	<Vendor VendorId="8117" VendorName="Siemens Enterprise Communications GmbH &amp; Co. KG" ShortName="" WebSite="" />
	<Vendor VendorId="8137" VendorName="NXP Semiconductors" ShortName="" WebSite="" />
	<Vendor VendorId="8172" VendorName="NIAN YEONG ENTERPRISE CO., LTD." ShortName="" WebSite="" />
	<Vendor VendorId="8181" VendorName="Changzhou Wujin BEST Electronic Cables Co., Ltd." ShortName="" WebSite="" />
	<Vendor VendorId="8193" VendorName="D-Link Corporation" ShortName="" WebSite="" />
	<Vendor VendorId="8205" VendorName="Belkin Electronic (Changzhou) Co., Ltd." ShortName="" WebSite="" />
	<Vendor VendorId="8206" VendorName="DAIICHI PARTS (HK) CO., LTD." ShortName="" WebSite="" />
	<Vendor VendorId="8220" VendorName="Freeport Resources Enterprises Corp." ShortName="" WebSite="" />
	<Vendor VendorId="8284" VendorName="Shenzhen Tronixin Electronics Co., Ltd." ShortName="" WebSite="" />
	<Vendor VendorId="8317" VendorName="CESI Technology Co., Ltd." ShortName="" WebSite="" />
	<Vendor VendorId="8334" VendorName="Luxshare-ICT" ShortName="" WebSite="" />
	<Vendor VendorId="8341" VendorName="CE LINK LIMITED" ShortName="" WebSite="" />
	<Vendor VendorId="8342" VendorName="Microconn Electronic Co., Ltd." ShortName="" WebSite="" />
	<Vendor VendorId="8367" VendorName="Shenzhen CARVE Electronics Co., Ltd." ShortName="" WebSite="" />
	<Vendor VendorId="8384" VendorName="FENGHUA KINGSUN CO., LTD." ShortName="" WebSite="" />
	<Vendor VendorId="8386" VendorName="Sumitomo Electric Ind., Ltd., Optical Comm. R&amp;D Lab" ShortName="" WebSite="" />
	<Vendor VendorId="8439" VendorName="SOFTHARD Technology Ltd." ShortName="" WebSite="" />
	<Vendor VendorId="8445" VendorName="NOVO NORDISK A/S" ShortName="" WebSite="" />
	<Vendor VendorId="8457" VendorName="VIA Labs, Inc." ShortName="" WebSite="" />
	<Vendor VendorId="8470" VendorName="KT Tech Inc." ShortName="" WebSite="" />
	<Vendor VendorId="8492" VendorName="Shenzhen Linoya Electronic Co., Ltd." ShortName="" WebSite="" />
	<Vendor VendorId="8494" VendorName="Amphenol AssembleTech (Xiamen) Co., Ltd." ShortName="" WebSite="" />
	<Vendor VendorId="8504" VendorName="iVina, Inc." ShortName="" WebSite="" />
	<Vendor VendorId="8519" VendorName="Chin-Ban Electronics (Hong Kong) Co." ShortName="" WebSite="" />
	<Vendor VendorId="8520" VendorName="Visteon Sistemas Automotives Ltda." ShortName="" WebSite="" />
	<Vendor VendorId="8524" VendorName="Y Soft Corporation" ShortName="" WebSite="" />
	<Vendor VendorId="8550" VendorName="JVC KENWOOD Corporation" ShortName="" WebSite="" />
	<Vendor VendorId="8551" VendorName="Zhejiang Fousine Science &amp; Technology Co., Ltd." ShortName="" WebSite="" />
	<Vendor VendorId="8563" VendorName="HUIZHOU HUANGJI PRECISIONS FLEX ELECTRONICAL CO., LTD." ShortName="" WebSite="" />
	<Vendor VendorId="8564" VendorName="Transcend Information, Inc." ShortName="" WebSite="" />
	<Vendor VendorId="8566" VendorName="TMC/Allion Test Labs" ShortName="" WebSite="" />
	<Vendor VendorId="8584" VendorName="CalDigit" ShortName="" WebSite="" />
	<Vendor VendorId="8629" VendorName="SHENZHEN JASON ELECTRONICS CO., LTD." ShortName="" WebSite="" />
	<Vendor VendorId="8644" VendorName="Netcom Technology (HK) Limited" ShortName="" WebSite="" />
	<Vendor VendorId="8659" VendorName="Compupack Technology Co., Ltd." ShortName="" WebSite="" />
	<Vendor VendorId="8681" VendorName="Jiafuh Metal &amp; Plastic (ShenZhen) Co., Ltd." ShortName="" WebSite="" />
	<Vendor VendorId="8695" VendorName="Wuerth-Elektronik eiSos GmbH &amp; Co. KG" ShortName="" WebSite="" />
	<Vendor VendorId="8709" VendorName="3eYamaichi Electronics Co., Ltd." ShortName="" WebSite="" />
	<Vendor VendorId="8710" VendorName="Wiretek International Investment Ltd." ShortName="" WebSite="" />
	<Vendor VendorId="8784" VendorName="Evernew Wire &amp; Cable Co., Ltd." ShortName="" WebSite="" />
	<Vendor VendorId="8816" VendorName="XiaMen GaoLuChang Electronics Co. Ltd." ShortName="" WebSite="" />
	<Vendor VendorId="8831" VendorName="Granite River Labs" ShortName="" WebSite="" />
	<Vendor VendorId="8841" VendorName="Sun Fair Electric Wire &amp; Cable (HK) Co., Ltd." ShortName="" WebSite="" />
	<Vendor VendorId="8842" VendorName="Hotron Precision Electronic Ind. Corp." ShortName="" WebSite="" />
	<Vendor VendorId="8843" VendorName="Shenzhen DLK Electronics Technology Co., Ltd." ShortName="" WebSite="" />
	<Vendor VendorId="8855" VendorName="Grain Media Technology Corporation" ShortName="" WebSite="" />
	<Vendor VendorId="8873" VendorName="Valor Communication, Inc." ShortName="" WebSite="" />
	<Vendor VendorId="8875" VendorName="Trigence Semiconductor, Inc." ShortName="" WebSite="" />
	<Vendor VendorId="8888" VendorName="Motorola Mobility Inc." ShortName="" WebSite="" />
	<Vendor VendorId="8923" VendorName="Phase One A/S" ShortName="" WebSite="" />
	<Vendor VendorId="8957" VendorName="Miltope Corp." ShortName="" WebSite="" />
	<Vendor VendorId="8959" VendorName="Avnet" ShortName="" WebSite="" />
	<Vendor VendorId="8979" VendorName="Kunshan Jiahua Electronics Co., Ltd." ShortName="" WebSite="" />
	<Vendor VendorId="8981" VendorName="Avery Design Systems, Inc." ShortName="" WebSite="" />
	<Vendor VendorId="9008" VendorName="Tensorcom" ShortName="" WebSite="" />
	<Vendor VendorId="9048" VendorName="Greenconn Corporation" ShortName="" WebSite="" />
	<Vendor VendorId="9049" VendorName="Shenzhen Autone-Tronic Technology Co., Ltd." ShortName="" WebSite="" />
	<Vendor VendorId="9051" VendorName="KangXiang Electronic Co., Ltd." ShortName="" WebSite="" />
	<Vendor VendorId="9131" VendorName="Shenzhen Zhengtong Electronics Co., Ltd." ShortName="" WebSite="" />
	<Vendor VendorId="9132" VendorName="Marunix Electron Limited" ShortName="" WebSite="" />
	<Vendor VendorId="9147" VendorName="EMI STOP CORP." ShortName="" WebSite="" />
	<Vendor VendorId="9165" VendorName="Avconn Precise Connector Co., Ltd." ShortName="" WebSite="" />
	<Vendor VendorId="9166" VendorName="Gembird Electronics Ltd." ShortName="" WebSite="" />
	<Vendor VendorId="9173" VendorName="SerialTek" ShortName="" WebSite="" />
	<Vendor VendorId="9174" VendorName="DONGGUAN LICHENG ELECTRONICS CO., LTD." ShortName="" WebSite="" />
	<Vendor VendorId="9180" VendorName="Phonic Ear, Inc. Frontrow Division" ShortName="" WebSite="" />
	<Vendor VendorId="9184" VendorName="BitifEye Digital Test Solutions GmbH" ShortName="" WebSite="" />
	<Vendor VendorId="9185" VendorName="Vidyo, Inc." ShortName="" WebSite="" />
	<Vendor VendorId="9204" VendorName="NXT Plc" ShortName="" WebSite="" />
	<Vendor VendorId="9205" VendorName="SpeedConn Co., Ltd." ShortName="" WebSite="" />
	<Vendor VendorId="9213" VendorName="AWare, Inc." ShortName="" WebSite="" />
	<Vendor VendorId="9214" VendorName="Express Way Limited" ShortName="" WebSite="" />
	<Vendor VendorId="9216" VendorName="ChuangYi Hardware Precision Mould Com., Ltd." ShortName="" WebSite="" />
	<Vendor VendorId="9222" VendorName="INSIDE Secure" ShortName="" WebSite="" />
	<Vendor VendorId="9223" VendorName="Incasolution Co., Ltd." ShortName="" WebSite="" />
	<Vendor VendorId="9231" VendorName="Trantek Electronics Co., Ltd." ShortName="" WebSite="" />
	<Vendor VendorId="9242" VendorName="The Silanna Group Pty. Ltd." ShortName="" WebSite="" />
	<Vendor VendorId="9243" VendorName="Dongguan City Qirui Electronics Co., Ltd." ShortName="" WebSite="" />
	<Vendor VendorId="9272" VendorName="Innopower Technology Corporation" ShortName="" WebSite="" />
	<Vendor VendorId="9292" VendorName="Minebea Co., Ltd." ShortName="" WebSite="" />
	<Vendor VendorId="9298" VendorName="Speeder Electronics Co., Ltd." ShortName="" WebSite="" />
	<Vendor VendorId="9299" VendorName="BAANTO" ShortName="" WebSite="" />
	<Vendor VendorId="9300" VendorName="Velosti Technology Limited" ShortName="" WebSite="" />
	<Vendor VendorId="9301" VendorName="Anton/Bauer, Inc." ShortName="" WebSite="" />
	<Vendor VendorId="9322" VendorName="UNH Interoperability Laboratory" ShortName="" WebSite="" />
	<Vendor VendorId="9323" VendorName="Perfect Fortune Electric Wire &amp; Cable (ShenZhen) Co Ltd" ShortName="" WebSite="" />
	<Vendor VendorId="9339" VendorName="Digibras Industria do Brasil S.A" ShortName="" WebSite="" />
	<Vendor VendorId="9340" VendorName="Fullconn Industry Inc." ShortName="" WebSite="" />
	<Vendor VendorId="9341" VendorName="JARGY CO. LTD." ShortName="" WebSite="" />
	<Vendor VendorId="9352" VendorName="SuperD Co., Ltd." ShortName="" WebSite="" />
	<Vendor VendorId="9353" VendorName="Irvine Sensors Corporation" ShortName="" WebSite="" />
	<Vendor VendorId="9354" VendorName="TeLink Semiconductor (Shanghai) Co., Ltd." ShortName="" WebSite="" />
	<Vendor VendorId="9355" VendorName="SYNCONN INTERCONNECT INC." ShortName="" WebSite="" />
	<Vendor VendorId="9365" VendorName="Summit Semiconductor LLC" ShortName="" WebSite="" />
	<Vendor VendorId="9366" VendorName="Dongguan DaTang Industrial Investment Co., Ltd." ShortName="" WebSite="" />
	<Vendor VendorId="9367" VendorName="HyunWoo Electronics Co., Ltd." ShortName="" WebSite="" />
	<Vendor VendorId="9382" VendorName="Shenzhen Pangngai Industrial Co., Ltd." ShortName="" WebSite="" />
	<Vendor VendorId="9390" VendorName="Shenzhen Rapoo Technology Co., Ltd." ShortName="" WebSite="" />
	<Vendor VendorId="9397" VendorName="3C TEK CORP." ShortName="" WebSite="" />
	<Vendor VendorId="9398" VendorName="Shenzhen New-Conn International Co., Ltd." ShortName="" WebSite="" />
	<Vendor VendorId="9422" VendorName="Shenzhen Deren Electronic Co., Ltd." ShortName="" WebSite="" />
	<Vendor VendorId="9423" VendorName="Lytro, Inc." ShortName="" WebSite="" />
	<Vendor VendorId="9424" VendorName="Smith Micro Software, Inc." ShortName="" WebSite="" />
	<Vendor VendorId="9434" VendorName="KYOCERA ELCO Korea Co., Ltd." ShortName="" WebSite="" />
	<Vendor VendorId="9435" VendorName="DDUSB Technology" ShortName="" WebSite="" />
	<Vendor VendorId="9453" VendorName="ZEN FACTORY GROUP (ASIA) LTD." ShortName="" WebSite="" />
	<Vendor VendorId="9463" VendorName="Seneye Ltd." ShortName="" WebSite="" />
	<Vendor VendorId="9467" VendorName="GTECH Corporation" ShortName="" WebSite="" />
	<Vendor VendorId="9481" VendorName="Chain-In Electronic Co., Ltd." ShortName="" WebSite="" />
	<Vendor VendorId="9513" VendorName="SUZHOU XINYA ELECTRIC COMMUNICATION CO., LTD." ShortName="" WebSite="" />
	<Vendor VendorId="9515" VendorName="TOP Exactitude Industry (ShenZhen) Co., Ltd." ShortName="" WebSite="" />
	<Vendor VendorId="9525" VendorName="Shenzhen Hong Junde Precision Technology Co., Ltd." ShortName="" WebSite="" />
	<Vendor VendorId="9526" VendorName="Ubisys Technology Co., Ltd." ShortName="" WebSite="" />
	<Vendor VendorId="9527" VendorName="Norel Systems Ltd." ShortName="" WebSite="" />
	<Vendor VendorId="9560" VendorName="INTECH ELECTRONICS CORP." ShortName="" WebSite="" />
	<Vendor VendorId="9575" VendorName="DongGuan LongTao Electronic Co., Ltd." ShortName="" WebSite="" />
	<Vendor VendorId="9576" VendorName="ALL LINK CONN. TECHNOLOGY CORP." ShortName="" WebSite="" />
	<Vendor VendorId="9577" VendorName="DongGuan City MingJi Electronics Co., Ltd." ShortName="" WebSite="" />
	<Vendor VendorId="9588" VendorName="AVer Information Inc." ShortName="" WebSite="" />
	<Vendor VendorId="9589" VendorName="Weida Hi-Tech Co., Ltd." ShortName="" WebSite="" />
	<Vendor VendorId="9593" VendorName="Dongguan Kowell Electronic Co., Ltd." ShortName="" WebSite="" />
	<Vendor VendorId="9607" VendorName="Ningbo Jiatang Electronic Co., Ltd." ShortName="" WebSite="" />
	<Vendor VendorId="9608" VendorName="Infinitegra, Inc." ShortName="" WebSite="" />
	<Vendor VendorId="9617" VendorName="Optimus Semiconductor Inc." ShortName="" WebSite="" />
	<Vendor VendorId="9627" VendorName="INUVIO" ShortName="" WebSite="" />
	<Vendor VendorId="9628" VendorName="Immedia Semiconductor Inc." ShortName="" WebSite="" />
	<Vendor VendorId="9629" VendorName="RCA DA AMAZONIA LTDA" ShortName="" WebSite="" />
	<Vendor VendorId="9636" VendorName="ALGOLTEK, INC." ShortName="" WebSite="" />
	<Vendor VendorId="9643" VendorName="Carmanah Signs" ShortName="" WebSite="" />
	<Vendor VendorId="9650" VendorName="DRS-RSTA, Inc." ShortName="" WebSite="" />
	<Vendor VendorId="9651" VendorName="DongGuan Elinke Industrial Co., Ltd." ShortName="" WebSite="" />
	<Vendor VendorId="9667" VendorName="Phorus" ShortName="" WebSite="" />
	<Vendor VendorId="9671" VendorName="MEGATRON Elektronik AG &amp; Co." ShortName="" WebSite="" />
	<Vendor VendorId="9683" VendorName="Zhe Jiang Huasheng Technology Co., Ltd." ShortName="" WebSite="" />
	<Vendor VendorId="9697" VendorName="Daimler AG" ShortName="" WebSite="" />
	<Vendor VendorId="9714" VendorName="JINGYUE ELECTRONICS CO., LTD." ShortName="" WebSite="" />
	<Vendor VendorId="14627" VendorName="National Instruments" ShortName="" WebSite="" />
	<Vendor VendorId="16700" VendorName="Dell Inc." ShortName="" WebSite="" />
	<Vendor VendorId="24576" VendorName="TRIDENT MICROSYSTEMS (Far East) Ltd." ShortName="" WebSite="" />
	<Vendor VendorId="32902" VendorName="Intel Corporation" ShortName="" WebSite="" />
</ArrayOfVendor>